{
    "lattice_vectors": [
        [1.0, 0.0, 0.0],
        [0.5, 0.86602540378, 0.0],
        [0.0, 0.0, 10.0]
    ],
    "atomic_positions": [
        [0.0, 0.0, 0.0],
        [0.333333, 0.666667, 0.0]
    ],
    "atomic_symbols": [
        "C",
        "C"
    ]
}
